-- phpMyAdmin SQL Dump
-- version 4.7.4
-- https://www.phpmyadmin.net/
--
-- Host: 127.0.0.1
-- Generation Time: Oct 09, 2018 at 10:06 PM
-- Server version: 10.1.28-MariaDB
-- PHP Version: 7.1.10

SET SQL_MODE = "NO_AUTO_VALUE_ON_ZERO";
SET AUTOCOMMIT = 0;
START TRANSACTION;
SET time_zone = "+00:00";


/*!40101 SET @OLD_CHARACTER_SET_CLIENT=@@CHARACTER_SET_CLIENT */;
/*!40101 SET @OLD_CHARACTER_SET_RESULTS=@@CHARACTER_SET_RESULTS */;
/*!40101 SET @OLD_COLLATION_CONNECTION=@@COLLATION_CONNECTION */;
/*!40101 SET NAMES utf8mb4 */;

--
-- Database: `forum`
--
CREATE DATABASE IF NOT EXISTS `forum` DEFAULT CHARACTER SET latin1 COLLATE latin1_swedish_ci;
USE `forum`;

-- --------------------------------------------------------

--
-- Table structure for table `loginattempts`
--

CREATE TABLE IF NOT EXISTS `loginattempts` (
  `loginID` int(11) NOT NULL AUTO_INCREMENT,
  `loginUserName` varchar(50) NOT NULL,
  `loginTimestamp` timestamp NOT NULL DEFAULT CURRENT_TIMESTAMP,
  `loginSuccessful` enum('no','yes') NOT NULL,
  `loginIP` varchar(15) NOT NULL,
  PRIMARY KEY (`loginID`),
  KEY `loginUserName` (`loginUserName`)
) ENGINE=InnoDB AUTO_INCREMENT=2 DEFAULT CHARSET=latin1;

--
-- Dumping data for table `loginattempts`
--

INSERT INTO `loginattempts` (`loginID`, `loginUserName`, `loginTimestamp`, `loginSuccessful`, `loginIP`) VALUES
(1, 'Basel', '2018-10-09 19:59:23', 'yes', '127.0.0.1');

-- --------------------------------------------------------

--
-- Table structure for table `posts`
--

CREATE TABLE IF NOT EXISTS `posts` (
  `pID` int(11) NOT NULL AUTO_INCREMENT,
  `pName` varchar(50) NOT NULL,
  `pContent` varchar(2500) DEFAULT NULL,
  `pTimestamp` timestamp NOT NULL DEFAULT CURRENT_TIMESTAMP,
  `pReplyTo` int(11) DEFAULT NULL,
  `pDeleted` tinyint(1) DEFAULT NULL,
  `pDeletedBy` varchar(50) DEFAULT NULL,
  `pAuthor` varchar(50) NOT NULL,
  `pThreadID` int(11) DEFAULT NULL,
  PRIMARY KEY (`pID`),
  KEY `pAuthor` (`pAuthor`),
  KEY `pThreadID` (`pThreadID`)
) ENGINE=InnoDB AUTO_INCREMENT=626 DEFAULT CHARSET=latin1;

--
-- Dumping data for table `posts`
--

INSERT INTO `posts` (`pID`, `pName`, `pContent`, `pTimestamp`, `pReplyTo`, `pDeleted`, `pDeletedBy`, `pAuthor`, `pThreadID`) VALUES
(1, 'thread1', 'post1', '2018-10-09 19:58:13', NULL, NULL, NULL, 'Kanye', 1),
(2, 'thread1', 'post2', '2018-10-09 19:58:13', NULL, NULL, NULL, 'Project', 1),
(3, 'thread1', 'post3', '2018-10-09 19:58:13', NULL, NULL, NULL, 'Kari', 1),
(4, 'thread1', 'post4', '2018-10-09 19:58:13', NULL, NULL, NULL, 'Project', 1),
(5, 'thread1', 'post5', '2018-10-09 19:58:14', NULL, NULL, NULL, 'Project', 1),
(6, 'thread2', 'post6', '2018-10-09 19:58:14', NULL, NULL, NULL, 'Yeet', 2),
(7, 'thread2', 'post7', '2018-10-09 19:58:14', NULL, NULL, NULL, 'Kanye', 2),
(8, 'thread2', 'post8', '2018-10-09 19:58:14', NULL, NULL, NULL, 'Project', 2),
(9, 'thread2', 'post9', '2018-10-09 19:58:14', NULL, NULL, NULL, 'Kari', 2),
(10, 'thread2', 'post10', '2018-10-09 19:58:14', NULL, NULL, NULL, 'Kari', 2),
(11, 'thread3', 'post11', '2018-10-09 19:58:14', NULL, NULL, NULL, 'Kanye', 3),
(12, 'thread3', 'post12', '2018-10-09 19:58:14', NULL, NULL, NULL, 'Basel', 3),
(13, 'thread3', 'post13', '2018-10-09 19:58:14', NULL, NULL, NULL, 'Basel', 3),
(14, 'thread3', 'post14', '2018-10-09 19:58:14', NULL, NULL, NULL, 'Kari', 3),
(15, 'thread3', 'post15', '2018-10-09 19:58:14', NULL, NULL, NULL, 'Kanye', 3),
(16, 'thread4', 'post16', '2018-10-09 19:58:14', NULL, NULL, NULL, 'Basel', 4),
(17, 'thread4', 'post17', '2018-10-09 19:58:14', NULL, NULL, NULL, 'Basel', 4),
(18, 'thread4', 'post18', '2018-10-09 19:58:14', NULL, NULL, NULL, 'Project', 4),
(19, 'thread4', 'post19', '2018-10-09 19:58:14', NULL, NULL, NULL, 'Kanye', 4),
(20, 'thread4', 'post20', '2018-10-09 19:58:14', NULL, NULL, NULL, 'Yeet', 4),
(21, 'thread5', 'post21', '2018-10-09 19:58:14', NULL, NULL, NULL, 'Kanye', 5),
(22, 'thread5', 'post22', '2018-10-09 19:58:14', NULL, NULL, NULL, 'Basel', 5),
(23, 'thread5', 'post23', '2018-10-09 19:58:14', NULL, NULL, NULL, 'Basel', 5),
(24, 'thread5', 'post24', '2018-10-09 19:58:14', NULL, NULL, NULL, 'Yeet', 5),
(25, 'thread5', 'post25', '2018-10-09 19:58:14', NULL, NULL, NULL, 'Kari', 5),
(26, 'thread6', 'post26', '2018-10-09 19:58:15', NULL, NULL, NULL, 'Basel', 6),
(27, 'thread6', 'post27', '2018-10-09 19:58:15', NULL, NULL, NULL, 'Basel', 6),
(28, 'thread6', 'post28', '2018-10-09 19:58:15', NULL, NULL, NULL, 'Yeet', 6),
(29, 'thread6', 'post29', '2018-10-09 19:58:15', NULL, NULL, NULL, 'Project', 6),
(30, 'thread6', 'post30', '2018-10-09 19:58:15', NULL, NULL, NULL, 'Kanye', 6),
(31, 'thread7', 'post31', '2018-10-09 19:58:15', NULL, NULL, NULL, 'Project', 7),
(32, 'thread7', 'post32', '2018-10-09 19:58:15', NULL, NULL, NULL, 'Kari', 7),
(33, 'thread7', 'post33', '2018-10-09 19:58:15', NULL, NULL, NULL, 'Project', 7),
(34, 'thread7', 'post34', '2018-10-09 19:58:15', NULL, NULL, NULL, 'Yeet', 7),
(35, 'thread7', 'post35', '2018-10-09 19:58:15', NULL, NULL, NULL, 'Basel', 7),
(36, 'thread8', 'post36', '2018-10-09 19:58:15', NULL, NULL, NULL, 'Yeet', 8),
(37, 'thread8', 'post37', '2018-10-09 19:58:15', NULL, NULL, NULL, 'Yeet', 8),
(38, 'thread8', 'post38', '2018-10-09 19:58:15', NULL, NULL, NULL, 'Project', 8),
(39, 'thread8', 'post39', '2018-10-09 19:58:15', NULL, NULL, NULL, 'Basel', 8),
(40, 'thread8', 'post40', '2018-10-09 19:58:15', NULL, NULL, NULL, 'Basel', 8),
(41, 'thread9', 'post41', '2018-10-09 19:58:15', NULL, NULL, NULL, 'Yeet', 9),
(42, 'thread9', 'post42', '2018-10-09 19:58:15', NULL, NULL, NULL, 'Kanye', 9),
(43, 'thread9', 'post43', '2018-10-09 19:58:15', NULL, NULL, NULL, 'Project', 9),
(44, 'thread9', 'post44', '2018-10-09 19:58:15', NULL, NULL, NULL, 'Kanye', 9),
(45, 'thread9', 'post45', '2018-10-09 19:58:15', NULL, NULL, NULL, 'Kanye', 9),
(46, 'thread10', 'post46', '2018-10-09 19:58:16', NULL, NULL, NULL, 'Project', 10),
(47, 'thread10', 'post47', '2018-10-09 19:58:16', NULL, NULL, NULL, 'Yeet', 10),
(48, 'thread10', 'post48', '2018-10-09 19:58:16', NULL, NULL, NULL, 'Basel', 10),
(49, 'thread10', 'post49', '2018-10-09 19:58:16', NULL, NULL, NULL, 'Project', 10),
(50, 'thread10', 'post50', '2018-10-09 19:58:16', NULL, NULL, NULL, 'Yeet', 10),
(51, 'thread11', 'post51', '2018-10-09 19:58:16', NULL, NULL, NULL, 'Kari', 11),
(52, 'thread11', 'post52', '2018-10-09 19:58:16', NULL, NULL, NULL, 'Kari', 11),
(53, 'thread11', 'post53', '2018-10-09 19:58:16', NULL, NULL, NULL, 'Kanye', 11),
(54, 'thread11', 'post54', '2018-10-09 19:58:16', NULL, NULL, NULL, 'Yeet', 11),
(55, 'thread11', 'post55', '2018-10-09 19:58:16', NULL, NULL, NULL, 'Basel', 11),
(56, 'thread12', 'post56', '2018-10-09 19:58:16', NULL, NULL, NULL, 'Kanye', 12),
(57, 'thread12', 'post57', '2018-10-09 19:58:16', NULL, NULL, NULL, 'Project', 12),
(58, 'thread12', 'post58', '2018-10-09 19:58:16', NULL, NULL, NULL, 'Yeet', 12),
(59, 'thread12', 'post59', '2018-10-09 19:58:16', NULL, NULL, NULL, 'Basel', 12),
(60, 'thread12', 'post60', '2018-10-09 19:58:16', NULL, NULL, NULL, 'Kari', 12),
(61, 'thread13', 'post61', '2018-10-09 19:58:16', NULL, NULL, NULL, 'Project', 13),
(62, 'thread13', 'post62', '2018-10-09 19:58:16', NULL, NULL, NULL, 'Kari', 13),
(63, 'thread13', 'post63', '2018-10-09 19:58:16', NULL, NULL, NULL, 'Kari', 13),
(64, 'thread13', 'post64', '2018-10-09 19:58:16', NULL, NULL, NULL, 'Basel', 13),
(65, 'thread13', 'post65', '2018-10-09 19:58:16', NULL, NULL, NULL, 'Basel', 13),
(66, 'thread14', 'post66', '2018-10-09 19:58:16', NULL, NULL, NULL, 'Yeet', 14),
(67, 'thread14', 'post67', '2018-10-09 19:58:17', NULL, NULL, NULL, 'Project', 14),
(68, 'thread14', 'post68', '2018-10-09 19:58:17', NULL, NULL, NULL, 'Yeet', 14),
(69, 'thread14', 'post69', '2018-10-09 19:58:17', NULL, NULL, NULL, 'Project', 14),
(70, 'thread14', 'post70', '2018-10-09 19:58:17', NULL, NULL, NULL, 'Project', 14),
(71, 'thread15', 'post71', '2018-10-09 19:58:17', NULL, NULL, NULL, 'Kari', 15),
(72, 'thread15', 'post72', '2018-10-09 19:58:17', NULL, NULL, NULL, 'Basel', 15),
(73, 'thread15', 'post73', '2018-10-09 19:58:17', NULL, NULL, NULL, 'Basel', 15),
(74, 'thread15', 'post74', '2018-10-09 19:58:17', NULL, NULL, NULL, 'Basel', 15),
(75, 'thread15', 'post75', '2018-10-09 19:58:17', NULL, NULL, NULL, 'Yeet', 15),
(76, 'thread16', 'post76', '2018-10-09 19:58:17', NULL, NULL, NULL, 'Project', 16),
(77, 'thread16', 'post77', '2018-10-09 19:58:17', NULL, NULL, NULL, 'Basel', 16),
(78, 'thread16', 'post78', '2018-10-09 19:58:17', NULL, NULL, NULL, 'Yeet', 16),
(79, 'thread16', 'post79', '2018-10-09 19:58:17', NULL, NULL, NULL, 'Kanye', 16),
(80, 'thread16', 'post80', '2018-10-09 19:58:17', NULL, NULL, NULL, 'Yeet', 16),
(81, 'thread17', 'post81', '2018-10-09 19:58:17', NULL, NULL, NULL, 'Kanye', 17),
(82, 'thread17', 'post82', '2018-10-09 19:58:17', NULL, NULL, NULL, 'Project', 17),
(83, 'thread17', 'post83', '2018-10-09 19:58:17', NULL, NULL, NULL, 'Basel', 17),
(84, 'thread17', 'post84', '2018-10-09 19:58:17', NULL, NULL, NULL, 'Yeet', 17),
(85, 'thread17', 'post85', '2018-10-09 19:58:17', NULL, NULL, NULL, 'Kari', 17),
(86, 'thread18', 'post86', '2018-10-09 19:58:17', NULL, NULL, NULL, 'Yeet', 18),
(87, 'thread18', 'post87', '2018-10-09 19:58:17', NULL, NULL, NULL, 'Project', 18),
(88, 'thread18', 'post88', '2018-10-09 19:58:17', NULL, NULL, NULL, 'Kari', 18),
(89, 'thread18', 'post89', '2018-10-09 19:58:17', NULL, NULL, NULL, 'Kanye', 18),
(90, 'thread18', 'post90', '2018-10-09 19:58:17', NULL, NULL, NULL, 'Basel', 18),
(91, 'thread19', 'post91', '2018-10-09 19:58:18', NULL, NULL, NULL, 'Basel', 19),
(92, 'thread19', 'post92', '2018-10-09 19:58:18', NULL, NULL, NULL, 'Basel', 19),
(93, 'thread19', 'post93', '2018-10-09 19:58:18', NULL, NULL, NULL, 'Kari', 19),
(94, 'thread19', 'post94', '2018-10-09 19:58:18', NULL, NULL, NULL, 'Project', 19),
(95, 'thread19', 'post95', '2018-10-09 19:58:18', NULL, NULL, NULL, 'Kanye', 19),
(96, 'thread20', 'post96', '2018-10-09 19:58:18', NULL, NULL, NULL, 'Project', 20),
(97, 'thread20', 'post97', '2018-10-09 19:58:18', NULL, NULL, NULL, 'Kanye', 20),
(98, 'thread20', 'post98', '2018-10-09 19:58:18', NULL, NULL, NULL, 'Yeet', 20),
(99, 'thread20', 'post99', '2018-10-09 19:58:18', NULL, NULL, NULL, 'Kanye', 20),
(100, 'thread20', 'post100', '2018-10-09 19:58:18', NULL, NULL, NULL, 'Kanye', 20),
(101, 'thread21', 'post101', '2018-10-09 19:58:18', NULL, NULL, NULL, 'Kari', 21),
(102, 'thread21', 'post102', '2018-10-09 19:58:18', NULL, NULL, NULL, 'Basel', 21),
(103, 'thread21', 'post103', '2018-10-09 19:58:18', NULL, NULL, NULL, 'Basel', 21),
(104, 'thread21', 'post104', '2018-10-09 19:58:18', NULL, NULL, NULL, 'Kari', 21),
(105, 'thread21', 'post105', '2018-10-09 19:58:18', NULL, NULL, NULL, 'Kanye', 21),
(106, 'thread22', 'post106', '2018-10-09 19:58:18', NULL, NULL, NULL, 'Project', 22),
(107, 'thread22', 'post107', '2018-10-09 19:58:18', NULL, NULL, NULL, 'Basel', 22),
(108, 'thread22', 'post108', '2018-10-09 19:58:18', NULL, NULL, NULL, 'Kanye', 22),
(109, 'thread22', 'post109', '2018-10-09 19:58:18', NULL, NULL, NULL, 'Kari', 22),
(110, 'thread22', 'post110', '2018-10-09 19:58:19', NULL, NULL, NULL, 'Kari', 22),
(111, 'thread23', 'post111', '2018-10-09 19:58:19', NULL, NULL, NULL, 'Project', 23),
(112, 'thread23', 'post112', '2018-10-09 19:58:19', NULL, NULL, NULL, 'Basel', 23),
(113, 'thread23', 'post113', '2018-10-09 19:58:19', NULL, NULL, NULL, 'Kari', 23),
(114, 'thread23', 'post114', '2018-10-09 19:58:19', NULL, NULL, NULL, 'Kanye', 23),
(115, 'thread23', 'post115', '2018-10-09 19:58:19', NULL, NULL, NULL, 'Basel', 23),
(116, 'thread24', 'post116', '2018-10-09 19:58:19', NULL, NULL, NULL, 'Kanye', 24),
(117, 'thread24', 'post117', '2018-10-09 19:58:19', NULL, NULL, NULL, 'Kanye', 24),
(118, 'thread24', 'post118', '2018-10-09 19:58:19', NULL, NULL, NULL, 'Kanye', 24),
(119, 'thread24', 'post119', '2018-10-09 19:58:19', NULL, NULL, NULL, 'Yeet', 24),
(120, 'thread24', 'post120', '2018-10-09 19:58:19', NULL, NULL, NULL, 'Yeet', 24),
(121, 'thread25', 'post121', '2018-10-09 19:58:19', NULL, NULL, NULL, 'Project', 25),
(122, 'thread25', 'post122', '2018-10-09 19:58:19', NULL, NULL, NULL, 'Project', 25),
(123, 'thread25', 'post123', '2018-10-09 19:58:19', NULL, NULL, NULL, 'Yeet', 25),
(124, 'thread25', 'post124', '2018-10-09 19:58:19', NULL, NULL, NULL, 'Basel', 25),
(125, 'thread25', 'post125', '2018-10-09 19:58:19', NULL, NULL, NULL, 'Yeet', 25),
(126, 'thread26', 'post126', '2018-10-09 19:58:19', NULL, NULL, NULL, 'Basel', 26),
(127, 'thread26', 'post127', '2018-10-09 19:58:19', NULL, NULL, NULL, 'Basel', 26),
(128, 'thread26', 'post128', '2018-10-09 19:58:19', NULL, NULL, NULL, 'Kari', 26),
(129, 'thread26', 'post129', '2018-10-09 19:58:20', NULL, NULL, NULL, 'Yeet', 26),
(130, 'thread26', 'post130', '2018-10-09 19:58:20', NULL, NULL, NULL, 'Yeet', 26),
(131, 'thread27', 'post131', '2018-10-09 19:58:20', NULL, NULL, NULL, 'Basel', 27),
(132, 'thread27', 'post132', '2018-10-09 19:58:20', NULL, NULL, NULL, 'Kanye', 27),
(133, 'thread27', 'post133', '2018-10-09 19:58:20', NULL, NULL, NULL, 'Kari', 27),
(134, 'thread27', 'post134', '2018-10-09 19:58:20', NULL, NULL, NULL, 'Kari', 27),
(135, 'thread27', 'post135', '2018-10-09 19:58:20', NULL, NULL, NULL, 'Project', 27),
(136, 'thread28', 'post136', '2018-10-09 19:58:20', NULL, NULL, NULL, 'Kanye', 28),
(137, 'thread28', 'post137', '2018-10-09 19:58:20', NULL, NULL, NULL, 'Yeet', 28),
(138, 'thread28', 'post138', '2018-10-09 19:58:20', NULL, NULL, NULL, 'Yeet', 28),
(139, 'thread28', 'post139', '2018-10-09 19:58:20', NULL, NULL, NULL, 'Kari', 28),
(140, 'thread28', 'post140', '2018-10-09 19:58:20', NULL, NULL, NULL, 'Basel', 28),
(141, 'thread29', 'post141', '2018-10-09 19:58:20', NULL, NULL, NULL, 'Kari', 29),
(142, 'thread29', 'post142', '2018-10-09 19:58:20', NULL, NULL, NULL, 'Basel', 29),
(143, 'thread29', 'post143', '2018-10-09 19:58:20', NULL, NULL, NULL, 'Basel', 29),
(144, 'thread29', 'post144', '2018-10-09 19:58:20', NULL, NULL, NULL, 'Project', 29),
(145, 'thread29', 'post145', '2018-10-09 19:58:20', NULL, NULL, NULL, 'Kari', 29),
(146, 'thread30', 'post146', '2018-10-09 19:58:20', NULL, NULL, NULL, 'Basel', 30),
(147, 'thread30', 'post147', '2018-10-09 19:58:20', NULL, NULL, NULL, 'Yeet', 30),
(148, 'thread30', 'post148', '2018-10-09 19:58:20', NULL, NULL, NULL, 'Project', 30),
(149, 'thread30', 'post149', '2018-10-09 19:58:20', NULL, NULL, NULL, 'Yeet', 30),
(150, 'thread30', 'post150', '2018-10-09 19:58:20', NULL, NULL, NULL, 'Project', 30),
(151, 'thread31', 'post151', '2018-10-09 19:58:20', NULL, NULL, NULL, 'Project', 31),
(152, 'thread31', 'post152', '2018-10-09 19:58:20', NULL, NULL, NULL, 'Yeet', 31),
(153, 'thread31', 'post153', '2018-10-09 19:58:21', NULL, NULL, NULL, 'Project', 31),
(154, 'thread31', 'post154', '2018-10-09 19:58:21', NULL, NULL, NULL, 'Yeet', 31),
(155, 'thread31', 'post155', '2018-10-09 19:58:21', NULL, NULL, NULL, 'Yeet', 31),
(156, 'thread32', 'post156', '2018-10-09 19:58:21', NULL, NULL, NULL, 'Yeet', 32),
(157, 'thread32', 'post157', '2018-10-09 19:58:21', NULL, NULL, NULL, 'Kanye', 32),
(158, 'thread32', 'post158', '2018-10-09 19:58:21', NULL, NULL, NULL, 'Kanye', 32),
(159, 'thread32', 'post159', '2018-10-09 19:58:21', NULL, NULL, NULL, 'Yeet', 32),
(160, 'thread32', 'post160', '2018-10-09 19:58:21', NULL, NULL, NULL, 'Yeet', 32),
(161, 'thread33', 'post161', '2018-10-09 19:58:21', NULL, NULL, NULL, 'Yeet', 33),
(162, 'thread33', 'post162', '2018-10-09 19:58:21', NULL, NULL, NULL, 'Kanye', 33),
(163, 'thread33', 'post163', '2018-10-09 19:58:21', NULL, NULL, NULL, 'Basel', 33),
(164, 'thread33', 'post164', '2018-10-09 19:58:21', NULL, NULL, NULL, 'Kari', 33),
(165, 'thread33', 'post165', '2018-10-09 19:58:21', NULL, NULL, NULL, 'Kanye', 33),
(166, 'thread34', 'post166', '2018-10-09 19:58:21', NULL, NULL, NULL, 'Project', 34),
(167, 'thread34', 'post167', '2018-10-09 19:58:21', NULL, NULL, NULL, 'Project', 34),
(168, 'thread34', 'post168', '2018-10-09 19:58:21', NULL, NULL, NULL, 'Basel', 34),
(169, 'thread34', 'post169', '2018-10-09 19:58:21', NULL, NULL, NULL, 'Kari', 34),
(170, 'thread34', 'post170', '2018-10-09 19:58:21', NULL, NULL, NULL, 'Basel', 34),
(171, 'thread35', 'post171', '2018-10-09 19:58:21', NULL, NULL, NULL, 'Project', 35),
(172, 'thread35', 'post172', '2018-10-09 19:58:21', NULL, NULL, NULL, 'Project', 35),
(173, 'thread35', 'post173', '2018-10-09 19:58:21', NULL, NULL, NULL, 'Basel', 35),
(174, 'thread35', 'post174', '2018-10-09 19:58:21', NULL, NULL, NULL, 'Yeet', 35),
(175, 'thread35', 'post175', '2018-10-09 19:58:21', NULL, NULL, NULL, 'Yeet', 35),
(176, 'thread36', 'post176', '2018-10-09 19:58:22', NULL, NULL, NULL, 'Yeet', 36),
(177, 'thread36', 'post177', '2018-10-09 19:58:22', NULL, NULL, NULL, 'Project', 36),
(178, 'thread36', 'post178', '2018-10-09 19:58:22', NULL, NULL, NULL, 'Project', 36),
(179, 'thread36', 'post179', '2018-10-09 19:58:22', NULL, NULL, NULL, 'Project', 36),
(180, 'thread36', 'post180', '2018-10-09 19:58:22', NULL, NULL, NULL, 'Kanye', 36),
(181, 'thread37', 'post181', '2018-10-09 19:58:22', NULL, NULL, NULL, 'Kari', 37),
(182, 'thread37', 'post182', '2018-10-09 19:58:22', NULL, NULL, NULL, 'Yeet', 37),
(183, 'thread37', 'post183', '2018-10-09 19:58:22', NULL, NULL, NULL, 'Yeet', 37),
(184, 'thread37', 'post184', '2018-10-09 19:58:22', NULL, NULL, NULL, 'Yeet', 37),
(185, 'thread37', 'post185', '2018-10-09 19:58:22', NULL, NULL, NULL, 'Kanye', 37),
(186, 'thread38', 'post186', '2018-10-09 19:58:22', NULL, NULL, NULL, 'Yeet', 38),
(187, 'thread38', 'post187', '2018-10-09 19:58:22', NULL, NULL, NULL, 'Yeet', 38),
(188, 'thread38', 'post188', '2018-10-09 19:58:22', NULL, NULL, NULL, 'Kari', 38),
(189, 'thread38', 'post189', '2018-10-09 19:58:22', NULL, NULL, NULL, 'Yeet', 38),
(190, 'thread38', 'post190', '2018-10-09 19:58:22', NULL, NULL, NULL, 'Yeet', 38),
(191, 'thread39', 'post191', '2018-10-09 19:58:22', NULL, NULL, NULL, 'Basel', 39),
(192, 'thread39', 'post192', '2018-10-09 19:58:22', NULL, NULL, NULL, 'Yeet', 39),
(193, 'thread39', 'post193', '2018-10-09 19:58:22', NULL, NULL, NULL, 'Basel', 39),
(194, 'thread39', 'post194', '2018-10-09 19:58:22', NULL, NULL, NULL, 'Project', 39),
(195, 'thread39', 'post195', '2018-10-09 19:58:22', NULL, NULL, NULL, 'Yeet', 39),
(196, 'thread40', 'post196', '2018-10-09 19:58:22', NULL, NULL, NULL, 'Kanye', 40),
(197, 'thread40', 'post197', '2018-10-09 19:58:23', NULL, NULL, NULL, 'Kanye', 40),
(198, 'thread40', 'post198', '2018-10-09 19:58:23', NULL, NULL, NULL, 'Kanye', 40),
(199, 'thread40', 'post199', '2018-10-09 19:58:23', NULL, NULL, NULL, 'Yeet', 40),
(200, 'thread40', 'post200', '2018-10-09 19:58:23', NULL, NULL, NULL, 'Kanye', 40),
(201, 'thread41', 'post201', '2018-10-09 19:58:23', NULL, NULL, NULL, 'Project', 41),
(202, 'thread41', 'post202', '2018-10-09 19:58:23', NULL, NULL, NULL, 'Kari', 41),
(203, 'thread41', 'post203', '2018-10-09 19:58:23', NULL, NULL, NULL, 'Kanye', 41),
(204, 'thread41', 'post204', '2018-10-09 19:58:23', NULL, NULL, NULL, 'Yeet', 41),
(205, 'thread41', 'post205', '2018-10-09 19:58:23', NULL, NULL, NULL, 'Basel', 41),
(206, 'thread42', 'post206', '2018-10-09 19:58:23', NULL, NULL, NULL, 'Yeet', 42),
(207, 'thread42', 'post207', '2018-10-09 19:58:23', NULL, NULL, NULL, 'Basel', 42),
(208, 'thread42', 'post208', '2018-10-09 19:58:23', NULL, NULL, NULL, 'Basel', 42),
(209, 'thread42', 'post209', '2018-10-09 19:58:23', NULL, NULL, NULL, 'Kanye', 42),
(210, 'thread42', 'post210', '2018-10-09 19:58:23', NULL, NULL, NULL, 'Project', 42),
(211, 'thread43', 'post211', '2018-10-09 19:58:23', NULL, NULL, NULL, 'Kari', 43),
(212, 'thread43', 'post212', '2018-10-09 19:58:23', NULL, NULL, NULL, 'Yeet', 43),
(213, 'thread43', 'post213', '2018-10-09 19:58:23', NULL, NULL, NULL, 'Basel', 43),
(214, 'thread43', 'post214', '2018-10-09 19:58:23', NULL, NULL, NULL, 'Kanye', 43),
(215, 'thread43', 'post215', '2018-10-09 19:58:23', NULL, NULL, NULL, 'Basel', 43),
(216, 'thread44', 'post216', '2018-10-09 19:58:23', NULL, NULL, NULL, 'Yeet', 44),
(217, 'thread44', 'post217', '2018-10-09 19:58:23', NULL, NULL, NULL, 'Project', 44),
(218, 'thread44', 'post218', '2018-10-09 19:58:23', NULL, NULL, NULL, 'Kanye', 44),
(219, 'thread44', 'post219', '2018-10-09 19:58:23', NULL, NULL, NULL, 'Project', 44),
(220, 'thread44', 'post220', '2018-10-09 19:58:23', NULL, NULL, NULL, 'Basel', 44),
(221, 'thread45', 'post221', '2018-10-09 19:58:23', NULL, NULL, NULL, 'Yeet', 45),
(222, 'thread45', 'post222', '2018-10-09 19:58:24', NULL, NULL, NULL, 'Kanye', 45),
(223, 'thread45', 'post223', '2018-10-09 19:58:24', NULL, NULL, NULL, 'Basel', 45),
(224, 'thread45', 'post224', '2018-10-09 19:58:24', NULL, NULL, NULL, 'Basel', 45),
(225, 'thread45', 'post225', '2018-10-09 19:58:24', NULL, NULL, NULL, 'Project', 45),
(226, 'thread46', 'post226', '2018-10-09 19:58:24', NULL, NULL, NULL, 'Basel', 46),
(227, 'thread46', 'post227', '2018-10-09 19:58:24', NULL, NULL, NULL, 'Kanye', 46),
(228, 'thread46', 'post228', '2018-10-09 19:58:24', NULL, NULL, NULL, 'Project', 46),
(229, 'thread46', 'post229', '2018-10-09 19:58:24', NULL, NULL, NULL, 'Kari', 46),
(230, 'thread46', 'post230', '2018-10-09 19:58:24', NULL, NULL, NULL, 'Kanye', 46),
(231, 'thread47', 'post231', '2018-10-09 19:58:24', NULL, NULL, NULL, 'Kari', 47),
(232, 'thread47', 'post232', '2018-10-09 19:58:24', NULL, NULL, NULL, 'Yeet', 47),
(233, 'thread47', 'post233', '2018-10-09 19:58:24', NULL, NULL, NULL, 'Project', 47),
(234, 'thread47', 'post234', '2018-10-09 19:58:24', NULL, NULL, NULL, 'Basel', 47),
(235, 'thread47', 'post235', '2018-10-09 19:58:24', NULL, NULL, NULL, 'Yeet', 47),
(236, 'thread48', 'post236', '2018-10-09 19:58:24', NULL, NULL, NULL, 'Project', 48),
(237, 'thread48', 'post237', '2018-10-09 19:58:24', NULL, NULL, NULL, 'Kari', 48),
(238, 'thread48', 'post238', '2018-10-09 19:58:24', NULL, NULL, NULL, 'Yeet', 48),
(239, 'thread48', 'post239', '2018-10-09 19:58:24', NULL, NULL, NULL, 'Kanye', 48),
(240, 'thread48', 'post240', '2018-10-09 19:58:24', NULL, NULL, NULL, 'Kari', 48),
(241, 'thread49', 'post241', '2018-10-09 19:58:24', NULL, NULL, NULL, 'Kari', 49),
(242, 'thread49', 'post242', '2018-10-09 19:58:24', NULL, NULL, NULL, 'Yeet', 49),
(243, 'thread49', 'post243', '2018-10-09 19:58:25', NULL, NULL, NULL, 'Basel', 49),
(244, 'thread49', 'post244', '2018-10-09 19:58:25', NULL, NULL, NULL, 'Kanye', 49),
(245, 'thread49', 'post245', '2018-10-09 19:58:25', NULL, NULL, NULL, 'Kanye', 49),
(246, 'thread50', 'post246', '2018-10-09 19:58:25', NULL, NULL, NULL, 'Kanye', 50),
(247, 'thread50', 'post247', '2018-10-09 19:58:25', NULL, NULL, NULL, 'Project', 50),
(248, 'thread50', 'post248', '2018-10-09 19:58:25', NULL, NULL, NULL, 'Project', 50),
(249, 'thread50', 'post249', '2018-10-09 19:58:25', NULL, NULL, NULL, 'Basel', 50),
(250, 'thread50', 'post250', '2018-10-09 19:58:25', NULL, NULL, NULL, 'Project', 50),
(251, 'thread51', 'post251', '2018-10-09 19:58:25', NULL, NULL, NULL, 'Project', 51),
(252, 'thread51', 'post252', '2018-10-09 19:58:25', NULL, NULL, NULL, 'Yeet', 51),
(253, 'thread51', 'post253', '2018-10-09 19:58:25', NULL, NULL, NULL, 'Kanye', 51),
(254, 'thread51', 'post254', '2018-10-09 19:58:25', NULL, NULL, NULL, 'Kari', 51),
(255, 'thread51', 'post255', '2018-10-09 19:58:25', NULL, NULL, NULL, 'Kari', 51),
(256, 'thread52', 'post256', '2018-10-09 19:58:25', NULL, NULL, NULL, 'Project', 52),
(257, 'thread52', 'post257', '2018-10-09 19:58:25', NULL, NULL, NULL, 'Basel', 52),
(258, 'thread52', 'post258', '2018-10-09 19:58:25', NULL, NULL, NULL, 'Kanye', 52),
(259, 'thread52', 'post259', '2018-10-09 19:58:25', NULL, NULL, NULL, 'Kari', 52),
(260, 'thread52', 'post260', '2018-10-09 19:58:25', NULL, NULL, NULL, 'Kari', 52),
(261, 'thread53', 'post261', '2018-10-09 19:58:25', NULL, NULL, NULL, 'Yeet', 53),
(262, 'thread53', 'post262', '2018-10-09 19:58:25', NULL, NULL, NULL, 'Project', 53),
(263, 'thread53', 'post263', '2018-10-09 19:58:25', NULL, NULL, NULL, 'Yeet', 53),
(264, 'thread53', 'post264', '2018-10-09 19:58:25', NULL, NULL, NULL, 'Project', 53),
(265, 'thread53', 'post265', '2018-10-09 19:58:26', NULL, NULL, NULL, 'Basel', 53),
(266, 'thread54', 'post266', '2018-10-09 19:58:26', NULL, NULL, NULL, 'Project', 54),
(267, 'thread54', 'post267', '2018-10-09 19:58:26', NULL, NULL, NULL, 'Project', 54),
(268, 'thread54', 'post268', '2018-10-09 19:58:26', NULL, NULL, NULL, 'Kanye', 54),
(269, 'thread54', 'post269', '2018-10-09 19:58:26', NULL, NULL, NULL, 'Basel', 54),
(270, 'thread54', 'post270', '2018-10-09 19:58:26', NULL, NULL, NULL, 'Project', 54),
(271, 'thread55', 'post271', '2018-10-09 19:58:26', NULL, NULL, NULL, 'Kari', 55),
(272, 'thread55', 'post272', '2018-10-09 19:58:26', NULL, NULL, NULL, 'Kanye', 55),
(273, 'thread55', 'post273', '2018-10-09 19:58:26', NULL, NULL, NULL, 'Basel', 55),
(274, 'thread55', 'post274', '2018-10-09 19:58:26', NULL, NULL, NULL, 'Basel', 55),
(275, 'thread55', 'post275', '2018-10-09 19:58:26', NULL, NULL, NULL, 'Kari', 55),
(276, 'thread56', 'post276', '2018-10-09 19:58:26', NULL, NULL, NULL, 'Kanye', 56),
(277, 'thread56', 'post277', '2018-10-09 19:58:26', NULL, NULL, NULL, 'Kari', 56),
(278, 'thread56', 'post278', '2018-10-09 19:58:26', NULL, NULL, NULL, 'Project', 56),
(279, 'thread56', 'post279', '2018-10-09 19:58:26', NULL, NULL, NULL, 'Project', 56),
(280, 'thread56', 'post280', '2018-10-09 19:58:26', NULL, NULL, NULL, 'Basel', 56),
(281, 'thread57', 'post281', '2018-10-09 19:58:26', NULL, NULL, NULL, 'Basel', 57),
(282, 'thread57', 'post282', '2018-10-09 19:58:26', NULL, NULL, NULL, 'Basel', 57),
(283, 'thread57', 'post283', '2018-10-09 19:58:26', NULL, NULL, NULL, 'Yeet', 57),
(284, 'thread57', 'post284', '2018-10-09 19:58:26', NULL, NULL, NULL, 'Yeet', 57),
(285, 'thread57', 'post285', '2018-10-09 19:58:26', NULL, NULL, NULL, 'Kari', 57),
(286, 'thread58', 'post286', '2018-10-09 19:58:27', NULL, NULL, NULL, 'Yeet', 58),
(287, 'thread58', 'post287', '2018-10-09 19:58:27', NULL, NULL, NULL, 'Kanye', 58),
(288, 'thread58', 'post288', '2018-10-09 19:58:27', NULL, NULL, NULL, 'Yeet', 58),
(289, 'thread58', 'post289', '2018-10-09 19:58:27', NULL, NULL, NULL, 'Kanye', 58),
(290, 'thread58', 'post290', '2018-10-09 19:58:27', NULL, NULL, NULL, 'Kari', 58),
(291, 'thread59', 'post291', '2018-10-09 19:58:27', NULL, NULL, NULL, 'Basel', 59),
(292, 'thread59', 'post292', '2018-10-09 19:58:27', NULL, NULL, NULL, 'Basel', 59),
(293, 'thread59', 'post293', '2018-10-09 19:58:27', NULL, NULL, NULL, 'Yeet', 59),
(294, 'thread59', 'post294', '2018-10-09 19:58:27', NULL, NULL, NULL, 'Basel', 59),
(295, 'thread59', 'post295', '2018-10-09 19:58:27', NULL, NULL, NULL, 'Kanye', 59),
(296, 'thread60', 'post296', '2018-10-09 19:58:27', NULL, NULL, NULL, 'Project', 60),
(297, 'thread60', 'post297', '2018-10-09 19:58:27', NULL, NULL, NULL, 'Basel', 60),
(298, 'thread60', 'post298', '2018-10-09 19:58:27', NULL, NULL, NULL, 'Kanye', 60),
(299, 'thread60', 'post299', '2018-10-09 19:58:27', NULL, NULL, NULL, 'Project', 60),
(300, 'thread60', 'post300', '2018-10-09 19:58:27', NULL, NULL, NULL, 'Basel', 60),
(301, 'thread61', 'post301', '2018-10-09 19:58:27', NULL, NULL, NULL, 'Kari', 61),
(302, 'thread61', 'post302', '2018-10-09 19:58:27', NULL, NULL, NULL, 'Yeet', 61),
(303, 'thread61', 'post303', '2018-10-09 19:58:27', NULL, NULL, NULL, 'Basel', 61),
(304, 'thread61', 'post304', '2018-10-09 19:58:27', NULL, NULL, NULL, 'Project', 61),
(305, 'thread61', 'post305', '2018-10-09 19:58:27', NULL, NULL, NULL, 'Project', 61),
(306, 'thread62', 'post306', '2018-10-09 19:58:27', NULL, NULL, NULL, 'Project', 62),
(307, 'thread62', 'post307', '2018-10-09 19:58:27', NULL, NULL, NULL, 'Yeet', 62),
(308, 'thread62', 'post308', '2018-10-09 19:58:27', NULL, NULL, NULL, 'Project', 62),
(309, 'thread62', 'post309', '2018-10-09 19:58:28', NULL, NULL, NULL, 'Project', 62),
(310, 'thread62', 'post310', '2018-10-09 19:58:28', NULL, NULL, NULL, 'Kari', 62),
(311, 'thread63', 'post311', '2018-10-09 19:58:28', NULL, NULL, NULL, 'Project', 63),
(312, 'thread63', 'post312', '2018-10-09 19:58:28', NULL, NULL, NULL, 'Basel', 63),
(313, 'thread63', 'post313', '2018-10-09 19:58:28', NULL, NULL, NULL, 'Yeet', 63),
(314, 'thread63', 'post314', '2018-10-09 19:58:28', NULL, NULL, NULL, 'Project', 63),
(315, 'thread63', 'post315', '2018-10-09 19:58:28', NULL, NULL, NULL, 'Kanye', 63),
(316, 'thread64', 'post316', '2018-10-09 19:58:28', NULL, NULL, NULL, 'Yeet', 64),
(317, 'thread64', 'post317', '2018-10-09 19:58:28', NULL, NULL, NULL, 'Kanye', 64),
(318, 'thread64', 'post318', '2018-10-09 19:58:28', NULL, NULL, NULL, 'Kari', 64),
(319, 'thread64', 'post319', '2018-10-09 19:58:28', NULL, NULL, NULL, 'Yeet', 64),
(320, 'thread64', 'post320', '2018-10-09 19:58:28', NULL, NULL, NULL, 'Basel', 64),
(321, 'thread65', 'post321', '2018-10-09 19:58:28', NULL, NULL, NULL, 'Kari', 65),
(322, 'thread65', 'post322', '2018-10-09 19:58:28', NULL, NULL, NULL, 'Kanye', 65),
(323, 'thread65', 'post323', '2018-10-09 19:58:28', NULL, NULL, NULL, 'Project', 65),
(324, 'thread65', 'post324', '2018-10-09 19:58:28', NULL, NULL, NULL, 'Project', 65),
(325, 'thread65', 'post325', '2018-10-09 19:58:28', NULL, NULL, NULL, 'Project', 65),
(326, 'thread66', 'post326', '2018-10-09 19:58:28', NULL, NULL, NULL, 'Project', 66),
(327, 'thread66', 'post327', '2018-10-09 19:58:28', NULL, NULL, NULL, 'Kanye', 66),
(328, 'thread66', 'post328', '2018-10-09 19:58:28', NULL, NULL, NULL, 'Project', 66),
(329, 'thread66', 'post329', '2018-10-09 19:58:28', NULL, NULL, NULL, 'Yeet', 66),
(330, 'thread66', 'post330', '2018-10-09 19:58:28', NULL, NULL, NULL, 'Kari', 66),
(331, 'thread67', 'post331', '2018-10-09 19:58:28', NULL, NULL, NULL, 'Kanye', 67),
(332, 'thread67', 'post332', '2018-10-09 19:58:28', NULL, NULL, NULL, 'Yeet', 67),
(333, 'thread67', 'post333', '2018-10-09 19:58:28', NULL, NULL, NULL, 'Kanye', 67),
(334, 'thread67', 'post334', '2018-10-09 19:58:28', NULL, NULL, NULL, 'Yeet', 67),
(335, 'thread67', 'post335', '2018-10-09 19:58:29', NULL, NULL, NULL, 'Kari', 67),
(336, 'thread68', 'post336', '2018-10-09 19:58:29', NULL, NULL, NULL, 'Yeet', 68),
(337, 'thread68', 'post337', '2018-10-09 19:58:29', NULL, NULL, NULL, 'Kanye', 68),
(338, 'thread68', 'post338', '2018-10-09 19:58:29', NULL, NULL, NULL, 'Kari', 68),
(339, 'thread68', 'post339', '2018-10-09 19:58:29', NULL, NULL, NULL, 'Kanye', 68),
(340, 'thread68', 'post340', '2018-10-09 19:58:29', NULL, NULL, NULL, 'Kari', 68),
(341, 'thread69', 'post341', '2018-10-09 19:58:29', NULL, NULL, NULL, 'Kanye', 69),
(342, 'thread69', 'post342', '2018-10-09 19:58:29', NULL, NULL, NULL, 'Kanye', 69),
(343, 'thread69', 'post343', '2018-10-09 19:58:29', NULL, NULL, NULL, 'Project', 69),
(344, 'thread69', 'post344', '2018-10-09 19:58:29', NULL, NULL, NULL, 'Kanye', 69),
(345, 'thread69', 'post345', '2018-10-09 19:58:29', NULL, NULL, NULL, 'Kari', 69),
(346, 'thread70', 'post346', '2018-10-09 19:58:29', NULL, NULL, NULL, 'Project', 70),
(347, 'thread70', 'post347', '2018-10-09 19:58:29', NULL, NULL, NULL, 'Yeet', 70),
(348, 'thread70', 'post348', '2018-10-09 19:58:29', NULL, NULL, NULL, 'Kanye', 70),
(349, 'thread70', 'post349', '2018-10-09 19:58:29', NULL, NULL, NULL, 'Basel', 70),
(350, 'thread70', 'post350', '2018-10-09 19:58:29', NULL, NULL, NULL, 'Basel', 70),
(351, 'thread71', 'post351', '2018-10-09 19:58:29', NULL, NULL, NULL, 'Kanye', 71),
(352, 'thread71', 'post352', '2018-10-09 19:58:29', NULL, NULL, NULL, 'Kari', 71),
(353, 'thread71', 'post353', '2018-10-09 19:58:29', NULL, NULL, NULL, 'Yeet', 71),
(354, 'thread71', 'post354', '2018-10-09 19:58:29', NULL, NULL, NULL, 'Kari', 71),
(355, 'thread71', 'post355', '2018-10-09 19:58:29', NULL, NULL, NULL, 'Basel', 71),
(356, 'thread72', 'post356', '2018-10-09 19:58:30', NULL, NULL, NULL, 'Kanye', 72),
(357, 'thread72', 'post357', '2018-10-09 19:58:30', NULL, NULL, NULL, 'Kanye', 72),
(358, 'thread72', 'post358', '2018-10-09 19:58:30', NULL, NULL, NULL, 'Basel', 72),
(359, 'thread72', 'post359', '2018-10-09 19:58:30', NULL, NULL, NULL, 'Project', 72),
(360, 'thread72', 'post360', '2018-10-09 19:58:30', NULL, NULL, NULL, 'Kari', 72),
(361, 'thread73', 'post361', '2018-10-09 19:58:30', NULL, NULL, NULL, 'Kari', 73),
(362, 'thread73', 'post362', '2018-10-09 19:58:30', NULL, NULL, NULL, 'Yeet', 73),
(363, 'thread73', 'post363', '2018-10-09 19:58:30', NULL, NULL, NULL, 'Project', 73),
(364, 'thread73', 'post364', '2018-10-09 19:58:30', NULL, NULL, NULL, 'Kari', 73),
(365, 'thread73', 'post365', '2018-10-09 19:58:30', NULL, NULL, NULL, 'Kari', 73),
(366, 'thread74', 'post366', '2018-10-09 19:58:30', NULL, NULL, NULL, 'Yeet', 74),
(367, 'thread74', 'post367', '2018-10-09 19:58:30', NULL, NULL, NULL, 'Basel', 74),
(368, 'thread74', 'post368', '2018-10-09 19:58:30', NULL, NULL, NULL, 'Kari', 74),
(369, 'thread74', 'post369', '2018-10-09 19:58:30', NULL, NULL, NULL, 'Basel', 74),
(370, 'thread74', 'post370', '2018-10-09 19:58:30', NULL, NULL, NULL, 'Kanye', 74),
(371, 'thread75', 'post371', '2018-10-09 19:58:30', NULL, NULL, NULL, 'Kari', 75),
(372, 'thread75', 'post372', '2018-10-09 19:58:30', NULL, NULL, NULL, 'Kari', 75),
(373, 'thread75', 'post373', '2018-10-09 19:58:30', NULL, NULL, NULL, 'Project', 75),
(374, 'thread75', 'post374', '2018-10-09 19:58:30', NULL, NULL, NULL, 'Kari', 75),
(375, 'thread75', 'post375', '2018-10-09 19:58:30', NULL, NULL, NULL, 'Project', 75),
(376, 'thread76', 'post376', '2018-10-09 19:58:30', NULL, NULL, NULL, 'Kari', 76),
(377, 'thread76', 'post377', '2018-10-09 19:58:30', NULL, NULL, NULL, 'Basel', 76),
(378, 'thread76', 'post378', '2018-10-09 19:58:30', NULL, NULL, NULL, 'Project', 76),
(379, 'thread76', 'post379', '2018-10-09 19:58:31', NULL, NULL, NULL, 'Yeet', 76),
(380, 'thread76', 'post380', '2018-10-09 19:58:31', NULL, NULL, NULL, 'Kanye', 76),
(381, 'thread77', 'post381', '2018-10-09 19:58:31', NULL, NULL, NULL, 'Basel', 77),
(382, 'thread77', 'post382', '2018-10-09 19:58:31', NULL, NULL, NULL, 'Yeet', 77),
(383, 'thread77', 'post383', '2018-10-09 19:58:31', NULL, NULL, NULL, 'Yeet', 77),
(384, 'thread77', 'post384', '2018-10-09 19:58:31', NULL, NULL, NULL, 'Basel', 77),
(385, 'thread77', 'post385', '2018-10-09 19:58:31', NULL, NULL, NULL, 'Project', 77),
(386, 'thread78', 'post386', '2018-10-09 19:58:31', NULL, NULL, NULL, 'Project', 78),
(387, 'thread78', 'post387', '2018-10-09 19:58:31', NULL, NULL, NULL, 'Project', 78),
(388, 'thread78', 'post388', '2018-10-09 19:58:31', NULL, NULL, NULL, 'Kanye', 78),
(389, 'thread78', 'post389', '2018-10-09 19:58:31', NULL, NULL, NULL, 'Kari', 78),
(390, 'thread78', 'post390', '2018-10-09 19:58:31', NULL, NULL, NULL, 'Kanye', 78),
(391, 'thread79', 'post391', '2018-10-09 19:58:31', NULL, NULL, NULL, 'Basel', 79),
(392, 'thread79', 'post392', '2018-10-09 19:58:31', NULL, NULL, NULL, 'Kari', 79),
(393, 'thread79', 'post393', '2018-10-09 19:58:31', NULL, NULL, NULL, 'Kanye', 79),
(394, 'thread79', 'post394', '2018-10-09 19:58:31', NULL, NULL, NULL, 'Kari', 79),
(395, 'thread79', 'post395', '2018-10-09 19:58:31', NULL, NULL, NULL, 'Kari', 79),
(396, 'thread80', 'post396', '2018-10-09 19:58:31', NULL, NULL, NULL, 'Kanye', 80),
(397, 'thread80', 'post397', '2018-10-09 19:58:31', NULL, NULL, NULL, 'Yeet', 80),
(398, 'thread80', 'post398', '2018-10-09 19:58:31', NULL, NULL, NULL, 'Yeet', 80),
(399, 'thread80', 'post399', '2018-10-09 19:58:32', NULL, NULL, NULL, 'Project', 80),
(400, 'thread80', 'post400', '2018-10-09 19:58:32', NULL, NULL, NULL, 'Project', 80),
(401, 'thread81', 'post401', '2018-10-09 19:58:32', NULL, NULL, NULL, 'Basel', 81),
(402, 'thread81', 'post402', '2018-10-09 19:58:32', NULL, NULL, NULL, 'Kari', 81),
(403, 'thread81', 'post403', '2018-10-09 19:58:32', NULL, NULL, NULL, 'Kanye', 81),
(404, 'thread81', 'post404', '2018-10-09 19:58:32', NULL, NULL, NULL, 'Kanye', 81),
(405, 'thread81', 'post405', '2018-10-09 19:58:32', NULL, NULL, NULL, 'Project', 81),
(406, 'thread82', 'post406', '2018-10-09 19:58:32', NULL, NULL, NULL, 'Kanye', 82),
(407, 'thread82', 'post407', '2018-10-09 19:58:32', NULL, NULL, NULL, 'Project', 82),
(408, 'thread82', 'post408', '2018-10-09 19:58:32', NULL, NULL, NULL, 'Yeet', 82),
(409, 'thread82', 'post409', '2018-10-09 19:58:32', NULL, NULL, NULL, 'Yeet', 82),
(410, 'thread82', 'post410', '2018-10-09 19:58:32', NULL, NULL, NULL, 'Kari', 82),
(411, 'thread83', 'post411', '2018-10-09 19:58:32', NULL, NULL, NULL, 'Kanye', 83),
(412, 'thread83', 'post412', '2018-10-09 19:58:32', NULL, NULL, NULL, 'Yeet', 83),
(413, 'thread83', 'post413', '2018-10-09 19:58:32', NULL, NULL, NULL, 'Basel', 83),
(414, 'thread83', 'post414', '2018-10-09 19:58:32', NULL, NULL, NULL, 'Kanye', 83),
(415, 'thread83', 'post415', '2018-10-09 19:58:32', NULL, NULL, NULL, 'Basel', 83),
(416, 'thread84', 'post416', '2018-10-09 19:58:32', NULL, NULL, NULL, 'Kari', 84),
(417, 'thread84', 'post417', '2018-10-09 19:58:32', NULL, NULL, NULL, 'Project', 84),
(418, 'thread84', 'post418', '2018-10-09 19:58:33', NULL, NULL, NULL, 'Kari', 84),
(419, 'thread84', 'post419', '2018-10-09 19:58:33', NULL, NULL, NULL, 'Kanye', 84),
(420, 'thread84', 'post420', '2018-10-09 19:58:33', NULL, NULL, NULL, 'Basel', 84),
(421, 'thread85', 'post421', '2018-10-09 19:58:33', NULL, NULL, NULL, 'Basel', 85),
(422, 'thread85', 'post422', '2018-10-09 19:58:33', NULL, NULL, NULL, 'Basel', 85),
(423, 'thread85', 'post423', '2018-10-09 19:58:33', NULL, NULL, NULL, 'Basel', 85),
(424, 'thread85', 'post424', '2018-10-09 19:58:33', NULL, NULL, NULL, 'Basel', 85),
(425, 'thread85', 'post425', '2018-10-09 19:58:33', NULL, NULL, NULL, 'Kanye', 85),
(426, 'thread86', 'post426', '2018-10-09 19:58:33', NULL, NULL, NULL, 'Kari', 86),
(427, 'thread86', 'post427', '2018-10-09 19:58:33', NULL, NULL, NULL, 'Kari', 86),
(428, 'thread86', 'post428', '2018-10-09 19:58:33', NULL, NULL, NULL, 'Project', 86),
(429, 'thread86', 'post429', '2018-10-09 19:58:33', NULL, NULL, NULL, 'Yeet', 86),
(430, 'thread86', 'post430', '2018-10-09 19:58:33', NULL, NULL, NULL, 'Yeet', 86),
(431, 'thread87', 'post431', '2018-10-09 19:58:33', NULL, NULL, NULL, 'Basel', 87),
(432, 'thread87', 'post432', '2018-10-09 19:58:33', NULL, NULL, NULL, 'Kanye', 87),
(433, 'thread87', 'post433', '2018-10-09 19:58:33', NULL, NULL, NULL, 'Project', 87),
(434, 'thread87', 'post434', '2018-10-09 19:58:33', NULL, NULL, NULL, 'Kari', 87),
(435, 'thread87', 'post435', '2018-10-09 19:58:33', NULL, NULL, NULL, 'Yeet', 87),
(436, 'thread88', 'post436', '2018-10-09 19:58:33', NULL, NULL, NULL, 'Yeet', 88),
(437, 'thread88', 'post437', '2018-10-09 19:58:33', NULL, NULL, NULL, 'Kari', 88),
(438, 'thread88', 'post438', '2018-10-09 19:58:33', NULL, NULL, NULL, 'Kanye', 88),
(439, 'thread88', 'post439', '2018-10-09 19:58:33', NULL, NULL, NULL, 'Kanye', 88),
(440, 'thread88', 'post440', '2018-10-09 19:58:33', NULL, NULL, NULL, 'Kari', 88),
(441, 'thread89', 'post441', '2018-10-09 19:58:34', NULL, NULL, NULL, 'Project', 89),
(442, 'thread89', 'post442', '2018-10-09 19:58:34', NULL, NULL, NULL, 'Yeet', 89),
(443, 'thread89', 'post443', '2018-10-09 19:58:34', NULL, NULL, NULL, 'Kari', 89),
(444, 'thread89', 'post444', '2018-10-09 19:58:34', NULL, NULL, NULL, 'Kanye', 89),
(445, 'thread89', 'post445', '2018-10-09 19:58:34', NULL, NULL, NULL, 'Project', 89),
(446, 'thread90', 'post446', '2018-10-09 19:58:34', NULL, NULL, NULL, 'Yeet', 90),
(447, 'thread90', 'post447', '2018-10-09 19:58:34', NULL, NULL, NULL, 'Yeet', 90),
(448, 'thread90', 'post448', '2018-10-09 19:58:34', NULL, NULL, NULL, 'Kanye', 90),
(449, 'thread90', 'post449', '2018-10-09 19:58:34', NULL, NULL, NULL, 'Basel', 90),
(450, 'thread90', 'post450', '2018-10-09 19:58:34', NULL, NULL, NULL, 'Kari', 90),
(451, 'thread91', 'post451', '2018-10-09 19:58:34', NULL, NULL, NULL, 'Yeet', 91),
(452, 'thread91', 'post452', '2018-10-09 19:58:34', NULL, NULL, NULL, 'Yeet', 91),
(453, 'thread91', 'post453', '2018-10-09 19:58:34', NULL, NULL, NULL, 'Project', 91),
(454, 'thread91', 'post454', '2018-10-09 19:58:34', NULL, NULL, NULL, 'Kari', 91),
(455, 'thread91', 'post455', '2018-10-09 19:58:34', NULL, NULL, NULL, 'Kari', 91),
(456, 'thread92', 'post456', '2018-10-09 19:58:34', NULL, NULL, NULL, 'Project', 92),
(457, 'thread92', 'post457', '2018-10-09 19:58:34', NULL, NULL, NULL, 'Kari', 92),
(458, 'thread92', 'post458', '2018-10-09 19:58:34', NULL, NULL, NULL, 'Basel', 92),
(459, 'thread92', 'post459', '2018-10-09 19:58:34', NULL, NULL, NULL, 'Kanye', 92),
(460, 'thread92', 'post460', '2018-10-09 19:58:34', NULL, NULL, NULL, 'Kari', 92),
(461, 'thread93', 'post461', '2018-10-09 19:58:35', NULL, NULL, NULL, 'Kari', 93),
(462, 'thread93', 'post462', '2018-10-09 19:58:35', NULL, NULL, NULL, 'Basel', 93),
(463, 'thread93', 'post463', '2018-10-09 19:58:35', NULL, NULL, NULL, 'Basel', 93),
(464, 'thread93', 'post464', '2018-10-09 19:58:35', NULL, NULL, NULL, 'Basel', 93),
(465, 'thread93', 'post465', '2018-10-09 19:58:35', NULL, NULL, NULL, 'Kanye', 93),
(466, 'thread94', 'post466', '2018-10-09 19:58:35', NULL, NULL, NULL, 'Kanye', 94),
(467, 'thread94', 'post467', '2018-10-09 19:58:35', NULL, NULL, NULL, 'Kanye', 94),
(468, 'thread94', 'post468', '2018-10-09 19:58:35', NULL, NULL, NULL, 'Basel', 94),
(469, 'thread94', 'post469', '2018-10-09 19:58:35', NULL, NULL, NULL, 'Project', 94),
(470, 'thread94', 'post470', '2018-10-09 19:58:35', NULL, NULL, NULL, 'Basel', 94),
(471, 'thread95', 'post471', '2018-10-09 19:58:35', NULL, NULL, NULL, 'Kanye', 95),
(472, 'thread95', 'post472', '2018-10-09 19:58:35', NULL, NULL, NULL, 'Kanye', 95),
(473, 'thread95', 'post473', '2018-10-09 19:58:35', NULL, NULL, NULL, 'Kanye', 95),
(474, 'thread95', 'post474', '2018-10-09 19:58:35', NULL, NULL, NULL, 'Kanye', 95),
(475, 'thread95', 'post475', '2018-10-09 19:58:35', NULL, NULL, NULL, 'Basel', 95),
(476, 'thread96', 'post476', '2018-10-09 19:58:35', NULL, NULL, NULL, 'Basel', 96),
(477, 'thread96', 'post477', '2018-10-09 19:58:35', NULL, NULL, NULL, 'Yeet', 96),
(478, 'thread96', 'post478', '2018-10-09 19:58:35', NULL, NULL, NULL, 'Project', 96),
(479, 'thread96', 'post479', '2018-10-09 19:58:35', NULL, NULL, NULL, 'Project', 96),
(480, 'thread96', 'post480', '2018-10-09 19:58:35', NULL, NULL, NULL, 'Kari', 96),
(481, 'thread97', 'post481', '2018-10-09 19:58:35', NULL, NULL, NULL, 'Kanye', 97),
(482, 'thread97', 'post482', '2018-10-09 19:58:35', NULL, NULL, NULL, 'Basel', 97),
(483, 'thread97', 'post483', '2018-10-09 19:58:35', NULL, NULL, NULL, 'Kari', 97),
(484, 'thread97', 'post484', '2018-10-09 19:58:35', NULL, NULL, NULL, 'Yeet', 97),
(485, 'thread97', 'post485', '2018-10-09 19:58:36', NULL, NULL, NULL, 'Kanye', 97),
(486, 'thread98', 'post486', '2018-10-09 19:58:36', NULL, NULL, NULL, 'Project', 98),
(487, 'thread98', 'post487', '2018-10-09 19:58:36', NULL, NULL, NULL, 'Project', 98),
(488, 'thread98', 'post488', '2018-10-09 19:58:36', NULL, NULL, NULL, 'Kanye', 98),
(489, 'thread98', 'post489', '2018-10-09 19:58:36', NULL, NULL, NULL, 'Kanye', 98),
(490, 'thread98', 'post490', '2018-10-09 19:58:36', NULL, NULL, NULL, 'Project', 98),
(491, 'thread99', 'post491', '2018-10-09 19:58:36', NULL, NULL, NULL, 'Yeet', 99),
(492, 'thread99', 'post492', '2018-10-09 19:58:36', NULL, NULL, NULL, 'Kanye', 99),
(493, 'thread99', 'post493', '2018-10-09 19:58:36', NULL, NULL, NULL, 'Yeet', 99),
(494, 'thread99', 'post494', '2018-10-09 19:58:36', NULL, NULL, NULL, 'Basel', 99),
(495, 'thread99', 'post495', '2018-10-09 19:58:36', NULL, NULL, NULL, 'Kari', 99),
(496, 'thread100', 'post496', '2018-10-09 19:58:36', NULL, NULL, NULL, 'Yeet', 100),
(497, 'thread100', 'post497', '2018-10-09 19:58:36', NULL, NULL, NULL, 'Kari', 100),
(498, 'thread100', 'post498', '2018-10-09 19:58:36', NULL, NULL, NULL, 'Yeet', 100),
(499, 'thread100', 'post499', '2018-10-09 19:58:36', NULL, NULL, NULL, 'Yeet', 100),
(500, 'thread100', 'post500', '2018-10-09 19:58:36', NULL, NULL, NULL, 'Kanye', 100),
(501, 'thread101', 'post501', '2018-10-09 19:58:36', NULL, NULL, NULL, 'Basel', 101),
(502, 'thread101', 'post502', '2018-10-09 19:58:36', NULL, NULL, NULL, 'Basel', 101),
(503, 'thread101', 'post503', '2018-10-09 19:58:37', NULL, NULL, NULL, 'Kari', 101),
(504, 'thread101', 'post504', '2018-10-09 19:58:37', NULL, NULL, NULL, 'Project', 101),
(505, 'thread101', 'post505', '2018-10-09 19:58:37', NULL, NULL, NULL, 'Kari', 101),
(506, 'thread102', 'post506', '2018-10-09 19:58:37', NULL, NULL, NULL, 'Kari', 102),
(507, 'thread102', 'post507', '2018-10-09 19:58:37', NULL, NULL, NULL, 'Basel', 102),
(508, 'thread102', 'post508', '2018-10-09 19:58:37', NULL, NULL, NULL, 'Project', 102),
(509, 'thread102', 'post509', '2018-10-09 19:58:37', NULL, NULL, NULL, 'Kari', 102),
(510, 'thread102', 'post510', '2018-10-09 19:58:37', NULL, NULL, NULL, 'Yeet', 102),
(511, 'thread103', 'post511', '2018-10-09 19:58:37', NULL, NULL, NULL, 'Yeet', 103),
(512, 'thread103', 'post512', '2018-10-09 19:58:37', NULL, NULL, NULL, 'Project', 103),
(513, 'thread103', 'post513', '2018-10-09 19:58:37', NULL, NULL, NULL, 'Basel', 103),
(514, 'thread103', 'post514', '2018-10-09 19:58:37', NULL, NULL, NULL, 'Yeet', 103),
(515, 'thread103', 'post515', '2018-10-09 19:58:37', NULL, NULL, NULL, 'Project', 103),
(516, 'thread104', 'post516', '2018-10-09 19:58:37', NULL, NULL, NULL, 'Project', 104),
(517, 'thread104', 'post517', '2018-10-09 19:58:37', NULL, NULL, NULL, 'Basel', 104),
(518, 'thread104', 'post518', '2018-10-09 19:58:37', NULL, NULL, NULL, 'Yeet', 104),
(519, 'thread104', 'post519', '2018-10-09 19:58:37', NULL, NULL, NULL, 'Basel', 104),
(520, 'thread104', 'post520', '2018-10-09 19:58:37', NULL, NULL, NULL, 'Kari', 104),
(521, 'thread105', 'post521', '2018-10-09 19:58:37', NULL, NULL, NULL, 'Yeet', 105),
(522, 'thread105', 'post522', '2018-10-09 19:58:37', NULL, NULL, NULL, 'Basel', 105),
(523, 'thread105', 'post523', '2018-10-09 19:58:37', NULL, NULL, NULL, 'Kari', 105),
(524, 'thread105', 'post524', '2018-10-09 19:58:38', NULL, NULL, NULL, 'Yeet', 105),
(525, 'thread105', 'post525', '2018-10-09 19:58:38', NULL, NULL, NULL, 'Basel', 105),
(526, 'thread106', 'post526', '2018-10-09 19:58:38', NULL, NULL, NULL, 'Kari', 106),
(527, 'thread106', 'post527', '2018-10-09 19:58:38', NULL, NULL, NULL, 'Kanye', 106),
(528, 'thread106', 'post528', '2018-10-09 19:58:38', NULL, NULL, NULL, 'Kanye', 106),
(529, 'thread106', 'post529', '2018-10-09 19:58:38', NULL, NULL, NULL, 'Basel', 106),
(530, 'thread106', 'post530', '2018-10-09 19:58:38', NULL, NULL, NULL, 'Kanye', 106),
(531, 'thread107', 'post531', '2018-10-09 19:58:38', NULL, NULL, NULL, 'Yeet', 107),
(532, 'thread107', 'post532', '2018-10-09 19:58:38', NULL, NULL, NULL, 'Kanye', 107),
(533, 'thread107', 'post533', '2018-10-09 19:58:38', NULL, NULL, NULL, 'Yeet', 107),
(534, 'thread107', 'post534', '2018-10-09 19:58:38', NULL, NULL, NULL, 'Basel', 107),
(535, 'thread107', 'post535', '2018-10-09 19:58:38', NULL, NULL, NULL, 'Yeet', 107),
(536, 'thread108', 'post536', '2018-10-09 19:58:38', NULL, NULL, NULL, 'Yeet', 108),
(537, 'thread108', 'post537', '2018-10-09 19:58:38', NULL, NULL, NULL, 'Kari', 108),
(538, 'thread108', 'post538', '2018-10-09 19:58:38', NULL, NULL, NULL, 'Kanye', 108),
(539, 'thread108', 'post539', '2018-10-09 19:58:38', NULL, NULL, NULL, 'Yeet', 108),
(540, 'thread108', 'post540', '2018-10-09 19:58:38', NULL, NULL, NULL, 'Kari', 108),
(541, 'thread109', 'post541', '2018-10-09 19:58:39', NULL, NULL, NULL, 'Kanye', 109),
(542, 'thread109', 'post542', '2018-10-09 19:58:39', NULL, NULL, NULL, 'Kanye', 109),
(543, 'thread109', 'post543', '2018-10-09 19:58:39', NULL, NULL, NULL, 'Kari', 109),
(544, 'thread109', 'post544', '2018-10-09 19:58:39', NULL, NULL, NULL, 'Project', 109),
(545, 'thread109', 'post545', '2018-10-09 19:58:39', NULL, NULL, NULL, 'Basel', 109),
(546, 'thread110', 'post546', '2018-10-09 19:58:39', NULL, NULL, NULL, 'Yeet', 110),
(547, 'thread110', 'post547', '2018-10-09 19:58:39', NULL, NULL, NULL, 'Kari', 110),
(548, 'thread110', 'post548', '2018-10-09 19:58:39', NULL, NULL, NULL, 'Kari', 110),
(549, 'thread110', 'post549', '2018-10-09 19:58:39', NULL, NULL, NULL, 'Kanye', 110),
(550, 'thread110', 'post550', '2018-10-09 19:58:39', NULL, NULL, NULL, 'Project', 110),
(551, 'thread111', 'post551', '2018-10-09 19:58:39', NULL, NULL, NULL, 'Kari', 111),
(552, 'thread111', 'post552', '2018-10-09 19:58:39', NULL, NULL, NULL, 'Yeet', 111),
(553, 'thread111', 'post553', '2018-10-09 19:58:39', NULL, NULL, NULL, 'Project', 111),
(554, 'thread111', 'post554', '2018-10-09 19:58:39', NULL, NULL, NULL, 'Basel', 111),
(555, 'thread111', 'post555', '2018-10-09 19:58:39', NULL, NULL, NULL, 'Kari', 111),
(556, 'thread112', 'post556', '2018-10-09 19:58:39', NULL, NULL, NULL, 'Yeet', 112),
(557, 'thread112', 'post557', '2018-10-09 19:58:39', NULL, NULL, NULL, 'Kari', 112),
(558, 'thread112', 'post558', '2018-10-09 19:58:39', NULL, NULL, NULL, 'Project', 112),
(559, 'thread112', 'post559', '2018-10-09 19:58:39', NULL, NULL, NULL, 'Kanye', 112),
(560, 'thread112', 'post560', '2018-10-09 19:58:39', NULL, NULL, NULL, 'Kari', 112),
(561, 'thread113', 'post561', '2018-10-09 19:58:39', NULL, NULL, NULL, 'Basel', 113),
(562, 'thread113', 'post562', '2018-10-09 19:58:39', NULL, NULL, NULL, 'Yeet', 113),
(563, 'thread113', 'post563', '2018-10-09 19:58:39', NULL, NULL, NULL, 'Project', 113),
(564, 'thread113', 'post564', '2018-10-09 19:58:40', NULL, NULL, NULL, 'Kari', 113),
(565, 'thread113', 'post565', '2018-10-09 19:58:40', NULL, NULL, NULL, 'Yeet', 113),
(566, 'thread114', 'post566', '2018-10-09 19:58:40', NULL, NULL, NULL, 'Kanye', 114),
(567, 'thread114', 'post567', '2018-10-09 19:58:40', NULL, NULL, NULL, 'Project', 114),
(568, 'thread114', 'post568', '2018-10-09 19:58:40', NULL, NULL, NULL, 'Basel', 114),
(569, 'thread114', 'post569', '2018-10-09 19:58:40', NULL, NULL, NULL, 'Basel', 114),
(570, 'thread114', 'post570', '2018-10-09 19:58:40', NULL, NULL, NULL, 'Kanye', 114),
(571, 'thread115', 'post571', '2018-10-09 19:58:40', NULL, NULL, NULL, 'Basel', 115),
(572, 'thread115', 'post572', '2018-10-09 19:58:40', NULL, NULL, NULL, 'Project', 115),
(573, 'thread115', 'post573', '2018-10-09 19:58:40', NULL, NULL, NULL, 'Kari', 115),
(574, 'thread115', 'post574', '2018-10-09 19:58:40', NULL, NULL, NULL, 'Yeet', 115),
(575, 'thread115', 'post575', '2018-10-09 19:58:40', NULL, NULL, NULL, 'Project', 115),
(576, 'thread116', 'post576', '2018-10-09 19:58:40', NULL, NULL, NULL, 'Kanye', 116),
(577, 'thread116', 'post577', '2018-10-09 19:58:40', NULL, NULL, NULL, 'Kari', 116),
(578, 'thread116', 'post578', '2018-10-09 19:58:40', NULL, NULL, NULL, 'Yeet', 116),
(579, 'thread116', 'post579', '2018-10-09 19:58:40', NULL, NULL, NULL, 'Yeet', 116),
(580, 'thread116', 'post580', '2018-10-09 19:58:40', NULL, NULL, NULL, 'Kanye', 116),
(581, 'thread117', 'post581', '2018-10-09 19:58:40', NULL, NULL, NULL, 'Basel', 117),
(582, 'thread117', 'post582', '2018-10-09 19:58:40', NULL, NULL, NULL, 'Kanye', 117),
(583, 'thread117', 'post583', '2018-10-09 19:58:40', NULL, NULL, NULL, 'Project', 117),
(584, 'thread117', 'post584', '2018-10-09 19:58:40', NULL, NULL, NULL, 'Kari', 117),
(585, 'thread117', 'post585', '2018-10-09 19:58:40', NULL, NULL, NULL, 'Yeet', 117),
(586, 'thread118', 'post586', '2018-10-09 19:58:41', NULL, NULL, NULL, 'Project', 118),
(587, 'thread118', 'post587', '2018-10-09 19:58:41', NULL, NULL, NULL, 'Kari', 118),
(588, 'thread118', 'post588', '2018-10-09 19:58:41', NULL, NULL, NULL, 'Basel', 118),
(589, 'thread118', 'post589', '2018-10-09 19:58:41', NULL, NULL, NULL, 'Yeet', 118),
(590, 'thread118', 'post590', '2018-10-09 19:58:41', NULL, NULL, NULL, 'Kari', 118),
(591, 'thread119', 'post591', '2018-10-09 19:58:41', NULL, NULL, NULL, 'Kanye', 119),
(592, 'thread119', 'post592', '2018-10-09 19:58:41', NULL, NULL, NULL, 'Project', 119),
(593, 'thread119', 'post593', '2018-10-09 19:58:41', NULL, NULL, NULL, 'Yeet', 119),
(594, 'thread119', 'post594', '2018-10-09 19:58:41', NULL, NULL, NULL, 'Basel', 119),
(595, 'thread119', 'post595', '2018-10-09 19:58:41', NULL, NULL, NULL, 'Yeet', 119),
(596, 'thread120', 'post596', '2018-10-09 19:58:41', NULL, NULL, NULL, 'Yeet', 120),
(597, 'thread120', 'post597', '2018-10-09 19:58:41', NULL, NULL, NULL, 'Kari', 120),
(598, 'thread120', 'post598', '2018-10-09 19:58:41', NULL, NULL, NULL, 'Basel', 120),
(599, 'thread120', 'post599', '2018-10-09 19:58:41', NULL, NULL, NULL, 'Project', 120),
(600, 'thread120', 'post600', '2018-10-09 19:58:41', NULL, NULL, NULL, 'Kari', 120),
(601, 'thread121', 'post601', '2018-10-09 19:58:41', NULL, NULL, NULL, 'Kanye', 121),
(602, 'thread121', 'post602', '2018-10-09 19:58:41', NULL, NULL, NULL, 'Project', 121),
(603, 'thread121', 'post603', '2018-10-09 19:58:41', NULL, NULL, NULL, 'Yeet', 121),
(604, 'thread121', 'post604', '2018-10-09 19:58:41', NULL, NULL, NULL, 'Basel', 121),
(605, 'thread121', 'post605', '2018-10-09 19:58:41', NULL, NULL, NULL, 'Project', 121),
(606, 'thread122', 'post606', '2018-10-09 19:58:41', NULL, NULL, NULL, 'Kanye', 122),
(607, 'thread122', 'post607', '2018-10-09 19:58:41', NULL, NULL, NULL, 'Kari', 122),
(608, 'thread122', 'post608', '2018-10-09 19:58:41', NULL, NULL, NULL, 'Kari', 122),
(609, 'thread122', 'post609', '2018-10-09 19:58:42', NULL, NULL, NULL, 'Kari', 122);
INSERT INTO `posts` (`pID`, `pName`, `pContent`, `pTimestamp`, `pReplyTo`, `pDeleted`, `pDeletedBy`, `pAuthor`, `pThreadID`) VALUES
(610, 'thread122', 'post610', '2018-10-09 19:58:42', NULL, NULL, NULL, 'Project', 122),
(611, 'thread123', 'post611', '2018-10-09 19:58:42', NULL, NULL, NULL, 'Kanye', 123),
(612, 'thread123', 'post612', '2018-10-09 19:58:42', NULL, NULL, NULL, 'Yeet', 123),
(613, 'thread123', 'post613', '2018-10-09 19:58:42', NULL, NULL, NULL, 'Kanye', 123),
(614, 'thread123', 'post614', '2018-10-09 19:58:42', NULL, NULL, NULL, 'Project', 123),
(615, 'thread123', 'post615', '2018-10-09 19:58:42', NULL, NULL, NULL, 'Yeet', 123),
(616, 'thread124', 'post616', '2018-10-09 19:58:42', NULL, NULL, NULL, 'Project', 124),
(617, 'thread124', 'post617', '2018-10-09 19:58:42', NULL, NULL, NULL, 'Yeet', 124),
(618, 'thread124', 'post618', '2018-10-09 19:58:42', NULL, NULL, NULL, 'Kari', 124),
(619, 'thread124', 'post619', '2018-10-09 19:58:42', NULL, NULL, NULL, 'Kari', 124),
(620, 'thread124', 'post620', '2018-10-09 19:58:42', NULL, NULL, NULL, 'Kanye', 124),
(621, 'thread125', 'post621', '2018-10-09 19:58:42', NULL, NULL, NULL, 'Yeet', 125),
(622, 'thread125', 'post622', '2018-10-09 19:58:42', NULL, NULL, NULL, 'Project', 125),
(623, 'thread125', 'post623', '2018-10-09 19:58:42', NULL, NULL, NULL, 'Kanye', 125),
(624, 'thread125', 'post624', '2018-10-09 19:58:42', NULL, NULL, NULL, 'Project', 125),
(625, 'thread125', 'post625', '2018-10-09 19:58:42', NULL, NULL, NULL, 'Kari', 125);

-- --------------------------------------------------------

--
-- Table structure for table `roles`
--

CREATE TABLE IF NOT EXISTS `roles` (
  `rType` varchar(20) NOT NULL,
  PRIMARY KEY (`rType`)
) ENGINE=InnoDB DEFAULT CHARSET=latin1;

--
-- Dumping data for table `roles`
--

INSERT INTO `roles` (`rType`) VALUES
('admin');

-- --------------------------------------------------------

--
-- Table structure for table `subforums`
--

CREATE TABLE IF NOT EXISTS `subforums` (
  `sID` int(11) NOT NULL AUTO_INCREMENT,
  `sName` varchar(200) NOT NULL,
  PRIMARY KEY (`sID`)
) ENGINE=InnoDB AUTO_INCREMENT=6 DEFAULT CHARSET=latin1;

--
-- Dumping data for table `subforums`
--

INSERT INTO `subforums` (`sID`, `sName`) VALUES
(1, 'subforum1'),
(2, 'subforum2'),
(3, 'subforum3'),
(4, 'subforum4'),
(5, 'subforum5');

-- --------------------------------------------------------

--
-- Table structure for table `threads`
--

CREATE TABLE IF NOT EXISTS `threads` (
  `thID` int(11) NOT NULL AUTO_INCREMENT,
  `thName` varchar(200) NOT NULL,
  `thTimestamp` timestamp NOT NULL DEFAULT CURRENT_TIMESTAMP,
  `thLock` tinyint(1) DEFAULT NULL,
  `thAuthor` varchar(50) NOT NULL,
  `thTopicID` int(11) DEFAULT NULL,
  PRIMARY KEY (`thID`),
  UNIQUE KEY `thName` (`thName`),
  KEY `thAuthor` (`thAuthor`),
  KEY `thTopicID` (`thTopicID`)
) ENGINE=InnoDB AUTO_INCREMENT=126 DEFAULT CHARSET=latin1;

--
-- Dumping data for table `threads`
--

INSERT INTO `threads` (`thID`, `thName`, `thTimestamp`, `thLock`, `thAuthor`, `thTopicID`) VALUES
(1, 'thread1', '2018-10-09 19:58:13', NULL, 'Basel', 1),
(2, 'thread2', '2018-10-09 19:58:14', NULL, 'Yeet', 1),
(3, 'thread3', '2018-10-09 19:58:14', NULL, 'Basel', 1),
(4, 'thread4', '2018-10-09 19:58:14', NULL, 'Kanye', 1),
(5, 'thread5', '2018-10-09 19:58:14', NULL, 'Kanye', 1),
(6, 'thread6', '2018-10-09 19:58:15', NULL, 'Kanye', 2),
(7, 'thread7', '2018-10-09 19:58:15', NULL, 'Kanye', 2),
(8, 'thread8', '2018-10-09 19:58:15', NULL, 'Kanye', 2),
(9, 'thread9', '2018-10-09 19:58:15', NULL, 'Yeet', 2),
(10, 'thread10', '2018-10-09 19:58:16', NULL, 'Kanye', 2),
(11, 'thread11', '2018-10-09 19:58:16', NULL, 'Basel', 3),
(12, 'thread12', '2018-10-09 19:58:16', NULL, 'Kari', 3),
(13, 'thread13', '2018-10-09 19:58:16', NULL, 'Kari', 3),
(14, 'thread14', '2018-10-09 19:58:16', NULL, 'Yeet', 3),
(15, 'thread15', '2018-10-09 19:58:17', NULL, 'Basel', 3),
(16, 'thread16', '2018-10-09 19:58:17', NULL, 'Project', 4),
(17, 'thread17', '2018-10-09 19:58:17', NULL, 'Yeet', 4),
(18, 'thread18', '2018-10-09 19:58:17', NULL, 'Project', 4),
(19, 'thread19', '2018-10-09 19:58:18', NULL, 'Yeet', 4),
(20, 'thread20', '2018-10-09 19:58:18', NULL, 'Kari', 4),
(21, 'thread21', '2018-10-09 19:58:18', NULL, 'Basel', 5),
(22, 'thread22', '2018-10-09 19:58:18', NULL, 'Kari', 5),
(23, 'thread23', '2018-10-09 19:58:19', NULL, 'Basel', 5),
(24, 'thread24', '2018-10-09 19:58:19', NULL, 'Kanye', 5),
(25, 'thread25', '2018-10-09 19:58:19', NULL, 'Kari', 5),
(26, 'thread26', '2018-10-09 19:58:19', NULL, 'Kanye', 6),
(27, 'thread27', '2018-10-09 19:58:20', NULL, 'Kari', 6),
(28, 'thread28', '2018-10-09 19:58:20', NULL, 'Project', 6),
(29, 'thread29', '2018-10-09 19:58:20', NULL, 'Kanye', 6),
(30, 'thread30', '2018-10-09 19:58:20', NULL, 'Basel', 6),
(31, 'thread31', '2018-10-09 19:58:20', NULL, 'Basel', 7),
(32, 'thread32', '2018-10-09 19:58:21', NULL, 'Kari', 7),
(33, 'thread33', '2018-10-09 19:58:21', NULL, 'Yeet', 7),
(34, 'thread34', '2018-10-09 19:58:21', NULL, 'Yeet', 7),
(35, 'thread35', '2018-10-09 19:58:21', NULL, 'Kari', 7),
(36, 'thread36', '2018-10-09 19:58:22', NULL, 'Project', 8),
(37, 'thread37', '2018-10-09 19:58:22', NULL, 'Kari', 8),
(38, 'thread38', '2018-10-09 19:58:22', NULL, 'Project', 8),
(39, 'thread39', '2018-10-09 19:58:22', NULL, 'Kari', 8),
(40, 'thread40', '2018-10-09 19:58:22', NULL, 'Project', 8),
(41, 'thread41', '2018-10-09 19:58:23', NULL, 'Yeet', 9),
(42, 'thread42', '2018-10-09 19:58:23', NULL, 'Kari', 9),
(43, 'thread43', '2018-10-09 19:58:23', NULL, 'Kanye', 9),
(44, 'thread44', '2018-10-09 19:58:23', NULL, 'Kari', 9),
(45, 'thread45', '2018-10-09 19:58:23', NULL, 'Basel', 9),
(46, 'thread46', '2018-10-09 19:58:24', NULL, 'Kanye', 10),
(47, 'thread47', '2018-10-09 19:58:24', NULL, 'Kari', 10),
(48, 'thread48', '2018-10-09 19:58:24', NULL, 'Basel', 10),
(49, 'thread49', '2018-10-09 19:58:24', NULL, 'Kanye', 10),
(50, 'thread50', '2018-10-09 19:58:25', NULL, 'Kanye', 10),
(51, 'thread51', '2018-10-09 19:58:25', NULL, 'Basel', 11),
(52, 'thread52', '2018-10-09 19:58:25', NULL, 'Project', 11),
(53, 'thread53', '2018-10-09 19:58:25', NULL, 'Yeet', 11),
(54, 'thread54', '2018-10-09 19:58:26', NULL, 'Kanye', 11),
(55, 'thread55', '2018-10-09 19:58:26', NULL, 'Yeet', 11),
(56, 'thread56', '2018-10-09 19:58:26', NULL, 'Yeet', 12),
(57, 'thread57', '2018-10-09 19:58:26', NULL, 'Basel', 12),
(58, 'thread58', '2018-10-09 19:58:27', NULL, 'Kari', 12),
(59, 'thread59', '2018-10-09 19:58:27', NULL, 'Yeet', 12),
(60, 'thread60', '2018-10-09 19:58:27', NULL, 'Basel', 12),
(61, 'thread61', '2018-10-09 19:58:27', NULL, 'Kari', 13),
(62, 'thread62', '2018-10-09 19:58:27', NULL, 'Kanye', 13),
(63, 'thread63', '2018-10-09 19:58:28', NULL, 'Kari', 13),
(64, 'thread64', '2018-10-09 19:58:28', NULL, 'Yeet', 13),
(65, 'thread65', '2018-10-09 19:58:28', NULL, 'Kanye', 13),
(66, 'thread66', '2018-10-09 19:58:28', NULL, 'Project', 14),
(67, 'thread67', '2018-10-09 19:58:28', NULL, 'Kanye', 14),
(68, 'thread68', '2018-10-09 19:58:29', NULL, 'Yeet', 14),
(69, 'thread69', '2018-10-09 19:58:29', NULL, 'Yeet', 14),
(70, 'thread70', '2018-10-09 19:58:29', NULL, 'Yeet', 14),
(71, 'thread71', '2018-10-09 19:58:29', NULL, 'Yeet', 15),
(72, 'thread72', '2018-10-09 19:58:29', NULL, 'Kanye', 15),
(73, 'thread73', '2018-10-09 19:58:30', NULL, 'Kanye', 15),
(74, 'thread74', '2018-10-09 19:58:30', NULL, 'Kari', 15),
(75, 'thread75', '2018-10-09 19:58:30', NULL, 'Kari', 15),
(76, 'thread76', '2018-10-09 19:58:30', NULL, 'Project', 16),
(77, 'thread77', '2018-10-09 19:58:31', NULL, 'Basel', 16),
(78, 'thread78', '2018-10-09 19:58:31', NULL, 'Yeet', 16),
(79, 'thread79', '2018-10-09 19:58:31', NULL, 'Kari', 16),
(80, 'thread80', '2018-10-09 19:58:31', NULL, 'Basel', 16),
(81, 'thread81', '2018-10-09 19:58:32', NULL, 'Kanye', 17),
(82, 'thread82', '2018-10-09 19:58:32', NULL, 'Kari', 17),
(83, 'thread83', '2018-10-09 19:58:32', NULL, 'Kanye', 17),
(84, 'thread84', '2018-10-09 19:58:32', NULL, 'Kari', 17),
(85, 'thread85', '2018-10-09 19:58:33', NULL, 'Kari', 17),
(86, 'thread86', '2018-10-09 19:58:33', NULL, 'Yeet', 18),
(87, 'thread87', '2018-10-09 19:58:33', NULL, 'Kari', 18),
(88, 'thread88', '2018-10-09 19:58:33', NULL, 'Yeet', 18),
(89, 'thread89', '2018-10-09 19:58:34', NULL, 'Yeet', 18),
(90, 'thread90', '2018-10-09 19:58:34', NULL, 'Kanye', 18),
(91, 'thread91', '2018-10-09 19:58:34', NULL, 'Kari', 19),
(92, 'thread92', '2018-10-09 19:58:34', NULL, 'Basel', 19),
(93, 'thread93', '2018-10-09 19:58:35', NULL, 'Yeet', 19),
(94, 'thread94', '2018-10-09 19:58:35', NULL, 'Basel', 19),
(95, 'thread95', '2018-10-09 19:58:35', NULL, 'Basel', 19),
(96, 'thread96', '2018-10-09 19:58:35', NULL, 'Kari', 20),
(97, 'thread97', '2018-10-09 19:58:35', NULL, 'Project', 20),
(98, 'thread98', '2018-10-09 19:58:36', NULL, 'Project', 20),
(99, 'thread99', '2018-10-09 19:58:36', NULL, 'Kanye', 20),
(100, 'thread100', '2018-10-09 19:58:36', NULL, 'Kanye', 20),
(101, 'thread101', '2018-10-09 19:58:36', NULL, 'Project', 21),
(102, 'thread102', '2018-10-09 19:58:37', NULL, 'Basel', 21),
(103, 'thread103', '2018-10-09 19:58:37', NULL, 'Kari', 21),
(104, 'thread104', '2018-10-09 19:58:37', NULL, 'Kanye', 21),
(105, 'thread105', '2018-10-09 19:58:37', NULL, 'Kanye', 21),
(106, 'thread106', '2018-10-09 19:58:38', NULL, 'Kari', 22),
(107, 'thread107', '2018-10-09 19:58:38', NULL, 'Project', 22),
(108, 'thread108', '2018-10-09 19:58:38', NULL, 'Kari', 22),
(109, 'thread109', '2018-10-09 19:58:38', NULL, 'Kanye', 22),
(110, 'thread110', '2018-10-09 19:58:39', NULL, 'Kari', 22),
(111, 'thread111', '2018-10-09 19:58:39', NULL, 'Kari', 23),
(112, 'thread112', '2018-10-09 19:58:39', NULL, 'Project', 23),
(113, 'thread113', '2018-10-09 19:58:39', NULL, 'Project', 23),
(114, 'thread114', '2018-10-09 19:58:40', NULL, 'Kanye', 23),
(115, 'thread115', '2018-10-09 19:58:40', NULL, 'Kanye', 23),
(116, 'thread116', '2018-10-09 19:58:40', NULL, 'Basel', 24),
(117, 'thread117', '2018-10-09 19:58:40', NULL, 'Project', 24),
(118, 'thread118', '2018-10-09 19:58:40', NULL, 'Kanye', 24),
(119, 'thread119', '2018-10-09 19:58:41', NULL, 'Kanye', 24),
(120, 'thread120', '2018-10-09 19:58:41', NULL, 'Basel', 24),
(121, 'thread121', '2018-10-09 19:58:41', NULL, 'Project', 25),
(122, 'thread122', '2018-10-09 19:58:41', NULL, 'Yeet', 25),
(123, 'thread123', '2018-10-09 19:58:42', NULL, 'Yeet', 25),
(124, 'thread124', '2018-10-09 19:58:42', NULL, 'Basel', 25),
(125, 'thread125', '2018-10-09 19:58:42', NULL, 'Basel', 25);

-- --------------------------------------------------------

--
-- Table structure for table `topics`
--

CREATE TABLE IF NOT EXISTS `topics` (
  `tID` int(11) NOT NULL AUTO_INCREMENT,
  `tName` varchar(200) NOT NULL,
  `tSubForumID` int(11) DEFAULT NULL,
  PRIMARY KEY (`tID`),
  KEY `tSubForumID` (`tSubForumID`)
) ENGINE=InnoDB AUTO_INCREMENT=26 DEFAULT CHARSET=latin1;

--
-- Dumping data for table `topics`
--

INSERT INTO `topics` (`tID`, `tName`, `tSubForumID`) VALUES
(1, 'topic1', 1),
(2, 'topic2', 1),
(3, 'topic3', 1),
(4, 'topic4', 1),
(5, 'topic5', 1),
(6, 'topic6', 2),
(7, 'topic7', 2),
(8, 'topic8', 2),
(9, 'topic9', 2),
(10, 'topic10', 2),
(11, 'topic11', 3),
(12, 'topic12', 3),
(13, 'topic13', 3),
(14, 'topic14', 3),
(15, 'topic15', 3),
(16, 'topic16', 4),
(17, 'topic17', 4),
(18, 'topic18', 4),
(19, 'topic19', 4),
(20, 'topic20', 4),
(21, 'topic21', 5),
(22, 'topic22', 5),
(23, 'topic23', 5),
(24, 'topic24', 5),
(25, 'topic25', 5);

-- --------------------------------------------------------

--
-- Table structure for table `urole`
--

CREATE TABLE IF NOT EXISTS `urole` (
  `urID` int(11) NOT NULL,
  `urType` varchar(50) NOT NULL,
  PRIMARY KEY (`urID`,`urType`),
  KEY `urType` (`urType`)
) ENGINE=InnoDB DEFAULT CHARSET=latin1;

--
-- Dumping data for table `urole`
--

INSERT INTO `urole` (`urID`, `urType`) VALUES
(1, 'admin');

-- --------------------------------------------------------

--
-- Table structure for table `uuser`
--

CREATE TABLE IF NOT EXISTS `uuser` (
  `uID` int(11) NOT NULL AUTO_INCREMENT,
  `uEmail` varchar(50) NOT NULL,
  `uUsername` varchar(50) NOT NULL,
  `uPassword` varchar(60) NOT NULL,
  `uCreated` timestamp NOT NULL DEFAULT CURRENT_TIMESTAMP,
  PRIMARY KEY (`uID`),
  UNIQUE KEY `uEmail` (`uEmail`),
  UNIQUE KEY `uUsername` (`uUsername`)
) ENGINE=InnoDB AUTO_INCREMENT=6 DEFAULT CHARSET=latin1;

--
-- Dumping data for table `uuser`
--

INSERT INTO `uuser` (`uID`, `uEmail`, `uUsername`, `uPassword`, `uCreated`) VALUES
(1, 'basel.katt@ntnu.no', 'Basel', '$2y$15$arnmA3VlggeUnuDWU6ldDuJ2QyTt/YZLbH4PFx/4xboKhxU/sNkLC', '2018-10-09 19:58:13'),
(2, 'Kari@Ylve.se', 'Kari', '$2y$15$Stxs6WFx82PHhIgdXjkWVuB5XzhwzUDh.XyDpEz7WaErFaJnaSfjm', '2018-10-09 19:58:13'),
(3, 'West@whoop.descoop', 'Kanye', '$2y$15$T60o6jycev8VGghhEaOEBuRgmmsk.ZUtCk1G.P1QhpAF/u/tiWCyS', '2018-10-09 19:58:13'),
(4, 'Yeet@McDabster.com', 'Yeet', '$2y$15$yauKEgWDRayB8MRBzocg4uJLzKMuSYhAPdU6a51knrRQ3cbL1ymd', '2018-10-09 19:58:13'),
(5, 'Project@Approved.no', 'Project', '$2y$15$TC9s31Cs3TBeSYwlmsT4Luuf2FLAB2Kzs5p.VVfU8EWDPR9UlX1U2', '2018-10-09 19:58:13');

--
-- Constraints for dumped tables
--

--
-- Constraints for table `loginattempts`
--
ALTER TABLE `loginattempts`
  ADD CONSTRAINT `loginattempts_ibfk_1` FOREIGN KEY (`loginUserName`) REFERENCES `uuser` (`uUsername`);

--
-- Constraints for table `posts`
--
ALTER TABLE `posts`
  ADD CONSTRAINT `posts_ibfk_1` FOREIGN KEY (`pAuthor`) REFERENCES `uuser` (`uUsername`),
  ADD CONSTRAINT `posts_ibfk_2` FOREIGN KEY (`pThreadID`) REFERENCES `threads` (`thID`);

--
-- Constraints for table `threads`
--
ALTER TABLE `threads`
  ADD CONSTRAINT `threads_ibfk_1` FOREIGN KEY (`thAuthor`) REFERENCES `uuser` (`uUsername`),
  ADD CONSTRAINT `threads_ibfk_2` FOREIGN KEY (`thTopicID`) REFERENCES `topics` (`tID`);

--
-- Constraints for table `topics`
--
ALTER TABLE `topics`
  ADD CONSTRAINT `topics_ibfk_1` FOREIGN KEY (`tSubForumID`) REFERENCES `subforums` (`sID`);

--
-- Constraints for table `urole`
--
ALTER TABLE `urole`
  ADD CONSTRAINT `urole_ibfk_1` FOREIGN KEY (`urID`) REFERENCES `uuser` (`uID`),
  ADD CONSTRAINT `urole_ibfk_2` FOREIGN KEY (`urType`) REFERENCES `roles` (`rType`);
COMMIT;

/*!40101 SET CHARACTER_SET_CLIENT=@OLD_CHARACTER_SET_CLIENT */;
/*!40101 SET CHARACTER_SET_RESULTS=@OLD_CHARACTER_SET_RESULTS */;
/*!40101 SET COLLATION_CONNECTION=@OLD_COLLATION_CONNECTION */;
